id,scenario,width,height,beforePSNR,afterPSNR,deltaPSNR,beforeSSIM,afterSSIM,deltaSSIM,beforeMs,afterMs,outputBytes
100007,clean-2x,480.000000,320.000000,31.474125,33.687900,2.213775,0.872519,0.897397,0.024877,39.000000,56.000000,250159.000000
100007,clean-4x,480.000000,320.000000,29.111329,29.647026,0.535697,0.767472,0.775960,0.008487,29.000000,45.000000,202079.000000
100007,clean-8x,480.000000,320.000000,26.633719,26.949332,0.315613,0.690264,0.697884,0.007620,28.000000,37.000000,155610.000000
100007,jpeg-4x,480.000000,320.000000,28.277361,28.744498,0.467137,0.723594,0.734704,0.011110,28.000000,38.000000,180124.000000
100007,noise-4x,480.000000,320.000000,28.049521,28.629499,0.579978,0.691451,0.715302,0.023851,29.000000,49.000000,371598.000000
101027,clean-2x,480.000000,320.000000,22.795904,24.452336,1.656432,0.769550,0.807313,0.037763,34.000000,72.000000,369126.000000
101027,clean-4x,480.000000,320.000000,20.872481,21.031703,0.159222,0.584662,0.586578,0.001916,28.000000,47.000000,317459.000000
101027,clean-8x,480.000000,320.000000,19.215542,19.293289,0.077747,0.463345,0.466868,0.003523,32.000000,37.000000,244732.000000
101027,jpeg-4x,480.000000,320.000000,20.444440,20.600870,0.156430,0.526294,0.530377,0.004083,37.000000,42.000000,302082.000000
101027,noise-4x,480.000000,320.000000,20.697194,20.881134,0.183940,0.537363,0.549548,0.012185,32.000000,49.000000,416188.000000
103029,clean-2x,480.000000,320.000000,33.407189,36.836006,3.428817,0.930859,0.955239,0.024380,33.000000,56.000000,330215.000000
103029,clean-4x,480.000000,320.000000,31.058231,31.707308,0.649076,0.857367,0.863834,0.006467,28.000000,44.000000,299394.000000
103029,clean-8x,480.000000,320.000000,27.747082,27.965743,0.218661,0.752295,0.756397,0.004102,32.000000,39.000000,239174.000000
103029,jpeg-4x,480.000000,320.000000,29.429795,29.818180,0.388385,0.780566,0.787488,0.006922,31.000000,44.000000,260852.000000
103029,noise-4x,480.000000,320.000000,29.491313,30.164322,0.673009,0.768198,0.792770,0.024573,44.000000,63.000000,384000.000000
105027,clean-2x,480.000000,320.000000,28.904201,30.403186,1.498985,0.824195,0.852960,0.028765,38.000000,65.000000,364020.000000
105027,clean-4x,480.000000,320.000000,26.765356,27.006739,0.241383,0.667334,0.671920,0.004586,29.000000,53.000000,322595.000000
105027,clean-8x,480.000000,320.000000,24.727646,24.818060,0.090414,0.533135,0.535572,0.002436,37.000000,53.000000,243736.000000
105027,jpeg-4x,480.000000,320.000000,25.827086,26.038542,0.211456,0.590847,0.597939,0.007093,31.000000,44.000000,274410.000000
105027,noise-4x,480.000000,320.000000,26.137782,26.416632,0.278850,0.617854,0.630167,0.012313,32.000000,48.000000,393376.000000
107045,clean-2x,480.000000,320.000000,25.287198,26.650501,1.363303,0.776405,0.805214,0.028810,37.000000,67.000000,370459.000000
107045,clean-4x,480.000000,320.000000,22.979722,23.076455,0.096733,0.557504,0.557675,0.000171,29.000000,54.000000,333266.000000
107045,clean-8x,480.000000,320.000000,21.213650,21.221539,0.007889,0.404592,0.405417,0.000825,36.000000,47.000000,261344.000000
107045,jpeg-4x,480.000000,320.000000,22.336623,22.454171,0.117547,0.490884,0.494202,0.003317,29.000000,45.000000,326217.000000
107045,noise-4x,480.000000,320.000000,22.708973,22.828564,0.119591,0.520344,0.526589,0.006245,36.000000,53.000000,395056.000000
108069,clean-2x,480.000000,320.000000,24.454811,27.616291,3.161480,0.858022,0.910350,0.052328,37.000000,54.000000,405117.000000
108069,clean-4x,480.000000,320.000000,22.046289,22.376418,0.330129,0.667474,0.676391,0.008917,29.000000,46.000000,383723.000000
108069,clean-8x,480.000000,320.000000,19.287407,19.297976,0.010569,0.442001,0.443127,0.001126,30.000000,38.000000,331964.000000
108069,jpeg-4x,480.000000,320.000000,21.240038,21.535391,0.295353,0.570176,0.582834,0.012658,32.000000,44.000000,380278.000000
108069,noise-4x,480.000000,320.000000,21.815780,22.143346,0.327567,0.632178,0.645181,0.013003,32.000000,50.000000,418147.000000
117025,clean-2x,320.000000,480.000000,25.172578,26.517501,1.344922,0.740255,0.760174,0.019919,31.000000,54.000000,321667.000000
117025,clean-4x,320.000000,480.000000,23.103468,23.295624,0.192156,0.537024,0.539484,0.002460,29.000000,48.000000,267481.000000
117025,clean-8x,320.000000,480.000000,21.252748,21.365982,0.113234,0.412285,0.417266,0.004981,37.000000,60.000000,198545.000000
117025,jpeg-4x,320.000000,480.000000,22.479676,22.671859,0.192184,0.477062,0.482862,0.005800,35.000000,64.000000,253621.000000
117025,noise-4x,320.000000,480.000000,22.820449,23.037241,0.216792,0.499616,0.508236,0.008619,38.000000,71.000000,388771.000000
120003,clean-2x,480.000000,320.000000,28.042052,30.917662,2.875610,0.913709,0.941792,0.028083,37.000000,72.000000,261742.000000
120003,clean-4x,480.000000,320.000000,25.734762,26.482870,0.748107,0.825603,0.842090,0.016487,35.000000,68.000000,227019.000000
120003,clean-8x,480.000000,320.000000,23.001314,23.394246,0.392932,0.715452,0.734600,0.019148,31.000000,38.000000,200959.000000
120003,jpeg-4x,480.000000,320.000000,25.117333,25.732560,0.615227,0.770948,0.790472,0.019524,30.000000,42.000000,240446.000000
120003,noise-4x,480.000000,320.000000,25.222717,25.937114,0.714398,0.746540,0.777673,0.031133,31.000000,55.000000,383367.000000
130014,clean-2x,320.000000,480.000000,27.226326,28.948749,1.722423,0.847858,0.874215,0.026357,37.000000,56.000000,340534.000000
130014,clean-4x,320.000000,480.000000,25.214015,25.333172,0.119157,0.712242,0.714461,0.002219,30.000000,44.000000,310849.000000
130014,clean-8x,320.000000,480.000000,23.480103,23.494069,0.013966,0.598540,0.600171,0.001630,30.000000,47.000000,246317.000000
130014,jpeg-4x,320.000000,480.000000,24.531464,24.641781,0.110317,0.647965,0.651714,0.003748,30.000000,42.000000,286747.000000
130014,noise-4x,320.000000,480.000000,24.741793,24.933424,0.191631,0.646347,0.662498,0.016151,30.000000,50.000000,376518.000000
140006,clean-2x,320.000000,480.000000,22.226319,23.460139,1.233820,0.776886,0.798513,0.021628,33.000000,53.000000,290723.000000
140006,clean-4x,320.000000,480.000000,20.295319,20.482137,0.186818,0.604550,0.611159,0.006609,33.000000,42.000000,240106.000000
140006,clean-8x,320.000000,480.000000,18.599527,18.659923,0.060395,0.503226,0.508017,0.004791,28.000000,40.000000,200443.000000
140006,jpeg-4x,320.000000,480.000000,20.042062,20.224670,0.182608,0.574001,0.582097,0.008096,34.000000,41.000000,255132.000000
140006,noise-4x,320.000000,480.000000,20.135047,20.340052,0.205005,0.545836,0.565010,0.019174,49.000000,76.000000,388668.000000
141012,clean-2x,480.000000,320.000000,23.240753,24.537276,1.296523,0.744302,0.774668,0.030365,29.000000,56.000000,404099.000000
141012,clean-4x,480.000000,320.000000,21.072724,21.134324,0.061600,0.457935,0.454272,-0.003663,28.000000,45.000000,378023.000000
141012,clean-8x,480.000000,320.000000,19.533770,19.524817,-0.008953,0.273613,0.271987,-0.001626,29.000000,39.000000,300711.000000
141012,jpeg-4x,480.000000,320.000000,20.412566,20.505864,0.093299,0.379776,0.380079,0.000303,28.000000,45.000000,353420.000000
141012,noise-4x,480.000000,320.000000,20.887163,20.975811,0.088648,0.436219,0.436154,-0.000064,31.000000,49.000000,419716.000000
146074,clean-2x,480.000000,320.000000,24.357312,26.358642,2.001330,0.837832,0.874689,0.036857,36.000000,63.000000,289315.000000
146074,clean-4x,480.000000,320.000000,21.882034,22.183455,0.301421,0.695074,0.709059,0.013985,30.000000,48.000000,255541.000000
146074,clean-8x,480.000000,320.000000,19.673157,19.777405,0.104248,0.568369,0.578874,0.010505,30.000000,40.000000,228512.000000
146074,jpeg-4x,480.000000,320.000000,21.446969,21.723476,0.276507,0.643742,0.659862,0.016120,30.000000,40.000000,276255.000000
146074,noise-4x,480.000000,320.000000,21.648148,21.948565,0.300417,0.627764,0.654023,0.026260,30.000000,49.000000,394561.000000
15062,clean-2x,480.000000,320.000000,24.306234,26.106309,1.800076,0.765716,0.805275,0.039559,30.000000,65.000000,422893.000000
15062,clean-4x,480.000000,320.000000,22.687435,22.933241,0.245806,0.586779,0.594350,0.007571,30.000000,46.000000,378524.000000
15062,clean-8x,480.000000,320.000000,20.814392,20.879378,0.064986,0.447694,0.450927,0.003234,29.000000,44.000000,309867.000000
15062,jpeg-4x,480.000000,320.000000,22.127353,22.347709,0.220356,0.524546,0.533622,0.009076,34.000000,55.000000,382001.000000
15062,noise-4x,480.000000,320.000000,22.416976,22.678866,0.261890,0.546444,0.560146,0.013703,37.000000,57.000000,450710.000000
159002,clean-2x,320.000000,480.000000,27.444799,29.668773,2.223974,0.871322,0.896269,0.024947,39.000000,64.000000,331331.000000
159002,clean-4x,320.000000,480.000000,25.145621,25.545458,0.399837,0.746520,0.753635,0.007115,44.000000,63.000000,304979.000000
159002,clean-8x,320.000000,480.000000,22.327445,22.446375,0.118930,0.605832,0.612281,0.006448,32.000000,38.000000,265147.000000
159002,jpeg-4x,320.000000,480.000000,24.276110,24.615525,0.339415,0.675576,0.685441,0.009865,31.000000,41.000000,334266.000000
159002,noise-4x,320.000000,480.000000,24.717500,25.126221,0.408721,0.685864,0.702885,0.017022,32.000000,50.000000,403567.000000
160067,clean-2x,480.000000,320.000000,26.217915,28.759071,2.541156,0.901275,0.926660,0.025385,32.000000,61.000000,309300.000000
160067,clean-4x,480.000000,320.000000,23.680694,23.929653,0.248959,0.786955,0.790751,0.003796,28.000000,44.000000,285703.000000
160067,clean-8x,480.000000,320.000000,20.758717,20.759019,0.000302,0.648108,0.648938,0.000830,28.000000,35.000000,244914.000000
160067,jpeg-4x,480.000000,320.000000,22.961677,23.197805,0.236128,0.744597,0.749727,0.005130,27.000000,40.000000,279937.000000
160067,noise-4x,480.000000,320.000000,23.349443,23.641315,0.291872,0.707559,0.730420,0.022861,34.000000,57.000000,404095.000000
163096,clean-2x,320.000000,480.000000,26.990553,28.668597,1.678044,0.793937,0.827457,0.033520,31.000000,56.000000,360199.000000
163096,clean-4x,320.000000,480.000000,24.856375,25.071955,0.215580,0.597798,0.603214,0.005416,28.000000,45.000000,318420.000000
163096,clean-8x,320.000000,480.000000,22.853552,22.910129,0.056577,0.448951,0.452272,0.003321,34.000000,49.000000,248417.000000
163096,jpeg-4x,320.000000,480.000000,24.024135,24.228540,0.204406,0.523210,0.532180,0.008970,31.000000,45.000000,304621.000000
163096,noise-4x,320.000000,480.000000,24.411714,24.671590,0.259876,0.556673,0.568365,0.011692,43.000000,58.000000,393584.000000
175083,clean-2x,480.000000,320.000000,25.381590,27.822329,2.440740,0.786271,0.831857,0.045587,39.000000,70.000000,421209.000000
175083,clean-4x,480.000000,320.000000,22.929573,23.152177,0.222604,0.563336,0.568519,0.005183,29.000000,49.000000,391283.000000
175083,clean-8x,480.000000,320.000000,20.498610,20.514620,0.016011,0.388315,0.390555,0.002240,31.000000,39.000000,331196.000000
175083,jpeg-4x,480.000000,320.000000,22.128220,22.312788,0.184568,0.483855,0.490106,0.006252,43.000000,59.000000,384473.000000
175083,noise-4x,480.000000,320.000000,22.650229,22.888091,0.237862,0.534390,0.544409,0.010019,41.000000,52.000000,424533.000000
183066,clean-2x,480.000000,320.000000,24.704768,26.044729,1.339961,0.808747,0.837378,0.028631,29.000000,52.000000,335633.000000
183066,clean-4x,480.000000,320.000000,22.543626,22.691092,0.147465,0.627566,0.634734,0.007169,31.000000,53.000000,284521.000000
183066,clean-8x,480.000000,320.000000,21.601795,21.671291,0.069497,0.529215,0.532174,0.002958,34.000000,51.000000,223715.000000
183066,jpeg-4x,480.000000,320.000000,22.129005,22.277776,0.148771,0.567639,0.576458,0.008819,32.000000,45.000000,281337.000000
183066,noise-4x,480.000000,320.000000,22.288060,22.462612,0.174551,0.572874,0.589728,0.016855,34.000000,60.000000,397946.000000
188025,clean-2x,480.000000,320.000000,25.290039,27.187357,1.897318,0.800752,0.835413,0.034660,31.000000,53.000000,333570.000000
188025,clean-4x,480.000000,320.000000,22.875699,23.214628,0.338929,0.622553,0.634998,0.012445,28.000000,44.000000,283953.000000
188025,clean-8x,480.000000,320.000000,20.716272,20.881445,0.165173,0.501317,0.510228,0.008911,30.000000,38.000000,234789.000000
188025,jpeg-4x,480.000000,320.000000,22.294673,22.581293,0.286621,0.557635,0.570327,0.012693,32.000000,42.000000,305974.000000
188025,noise-4x,480.000000,320.000000,22.589524,22.931500,0.341976,0.571878,0.591791,0.019913,31.000000,49.000000,399721.000000
189096,clean-2x,480.000000,320.000000,25.876168,28.812519,2.936351,0.869851,0.913031,0.043180,36.000000,63.000000,387364.000000
189096,clean-4x,480.000000,320.000000,23.250430,23.732158,0.481728,0.696561,0.710332,0.013770,30.000000,48.000000,368069.000000
189096,clean-8x,480.000000,320.000000,20.177018,20.311019,0.134001,0.492118,0.501918,0.009800,29.000000,40.000000,344922.000000
189096,jpeg-4x,480.000000,320.000000,22.416892,22.834363,0.417471,0.609449,0.625920,0.016471,32.000000,46.000000,386349.000000
189096,noise-4x,480.000000,320.000000,22.963397,23.422399,0.459002,0.652654,0.671739,0.019085,32.000000,57.000000,416136.000000
196088,clean-2x,480.000000,320.000000,21.311298,22.590328,1.279031,0.719373,0.752601,0.033228,36.000000,60.000000,405999.000000
196088,clean-4x,480.000000,320.000000,19.447568,19.545081,0.097514,0.454791,0.454625,-0.000165,30.000000,49.000000,379547.000000
196088,clean-8x,480.000000,320.000000,17.846302,17.859240,0.012938,0.260672,0.260952,0.000281,36.000000,49.000000,316303.000000
196088,jpeg-4x,480.000000,320.000000,18.958772,19.068239,0.109467,0.384516,0.387341,0.002825,34.000000,57.000000,395042.000000
196088,noise-4x,480.000000,320.000000,19.311621,19.425021,0.113400,0.434889,0.437684,0.002795,32.000000,52.000000,418283.000000
2018,clean-2x,320.000000,480.000000,23.264258,25.259255,1.994998,0.822543,0.854202,0.031659,34.000000,60.000000,301252.000000
2018,clean-4x,320.000000,480.000000,20.745327,20.921441,0.176114,0.667781,0.674696,0.006915,30.000000,44.000000,269976.000000
2018,clean-8x,320.000000,480.000000,18.558569,18.624518,0.065949,0.542623,0.548089,0.005465,49.000000,57.000000,224455.000000
2018,jpeg-4x,320.000000,480.000000,20.364312,20.540067,0.175755,0.622514,0.631581,0.009068,44.000000,71.000000,275887.000000
2018,noise-4x,320.000000,480.000000,20.587195,20.759025,0.171829,0.614727,0.631985,0.017258,38.000000,60.000000,387775.000000
207038,clean-2x,480.000000,320.000000,23.962248,25.348912,1.386664,0.719561,0.754077,0.034516,36.000000,82.000000,364452.000000
207038,clean-4x,480.000000,320.000000,22.271709,22.475021,0.203312,0.513780,0.519890,0.006110,36.000000,54.000000,331178.000000
207038,clean-8x,480.000000,320.000000,20.449398,20.477747,0.028350,0.369590,0.371211,0.001622,44.000000,68.000000,276643.000000
207038,jpeg-4x,480.000000,320.000000,21.747585,21.914283,0.166697,0.455905,0.462524,0.006619,31.000000,43.000000,299757.000000
207038,noise-4x,480.000000,320.000000,22.018898,22.246985,0.228087,0.487863,0.496972,0.009108,31.000000,48.000000,399184.000000
217013,clean-2x,320.000000,480.000000,25.585915,27.088990,1.503075,0.884191,0.902161,0.017971,41.000000,59.000000,209587.000000
217013,clean-4x,320.000000,480.000000,23.127724,23.275462,0.147738,0.787748,0.794961,0.007214,36.000000,42.000000,184398.000000
217013,clean-8x,320.000000,480.000000,21.469772,21.532770,0.062999,0.716815,0.724075,0.007260,28.000000,38.000000,156282.000000
217013,jpeg-4x,320.000000,480.000000,22.737077,22.894808,0.157731,0.739137,0.750089,0.010952,27.000000,38.000000,196547.000000
217013,noise-4x,320.000000,480.000000,22.828106,23.014357,0.186251,0.685872,0.714867,0.028994,28.000000,48.000000,340865.000000
223060,clean-2x,480.000000,320.000000,22.454799,24.468909,2.014111,0.777714,0.818208,0.040495,28.000000,62.000000,360519.000000
223060,clean-4x,480.000000,320.000000,20.554581,20.737382,0.182800,0.576762,0.584332,0.007569,38.000000,47.000000,315958.000000
223060,clean-8x,480.000000,320.000000,18.935076,18.992785,0.057708,0.434935,0.438471,0.003536,35.000000,63.000000,253603.000000
223060,jpeg-4x,480.000000,320.000000,20.064391,20.237253,0.172861,0.509581,0.518668,0.009086,37.000000,50.000000,335410.000000
223060,noise-4x,480.000000,320.000000,20.398936,20.590352,0.191416,0.533197,0.547750,0.014552,29.000000,49.000000,418746.000000
226043,clean-2x,320.000000,480.000000,27.413628,31.145778,3.732150,0.917470,0.953862,0.036392,33.000000,59.000000,409268.000000
226043,clean-4x,320.000000,480.000000,24.862408,25.494076,0.631668,0.813888,0.828062,0.014174,31.000000,47.000000,394976.000000
226043,clean-8x,320.000000,480.000000,21.439659,21.622098,0.182439,0.642926,0.652195,0.009269,30.000000,43.000000,381127.000000
226043,jpeg-4x,320.000000,480.000000,23.942250,24.445143,0.502893,0.744422,0.759688,0.015266,38.000000,61.000000,422591.000000
226043,noise-4x,320.000000,480.000000,24.423905,25.037092,0.613187,0.766756,0.789102,0.022346,40.000000,69.000000,438395.000000
230098,clean-2x,320.000000,480.000000,27.129472,29.441320,2.311848,0.862303,0.894934,0.032630,31.000000,57.000000,399265.000000
230098,clean-4x,320.000000,480.000000,24.897357,25.166069,0.268711,0.714388,0.721186,0.006798,29.000000,43.000000,373134.000000
230098,clean-8x,320.000000,480.000000,22.561711,22.635020,0.073309,0.555968,0.558828,0.002861,29.000000,46.000000,317933.000000
230098,jpeg-4x,320.000000,480.000000,24.015187,24.242222,0.227035,0.636134,0.645082,0.008948,39.000000,47.000000,365299.000000
230098,noise-4x,320.000000,480.000000,24.448006,24.752183,0.304176,0.663143,0.679028,0.015885,32.000000,48.000000,422576.000000
238025,clean-2x,320.000000,480.000000,27.485565,28.940801,1.455235,0.776578,0.799293,0.022714,32.000000,56.000000,308580.000000
238025,clean-4x,320.000000,480.000000,25.166491,25.381398,0.214907,0.600353,0.604987,0.004634,29.000000,44.000000,258235.000000
238025,clean-8x,320.000000,480.000000,22.777089,22.930525,0.153436,0.478139,0.485189,0.007050,30.000000,45.000000,199319.000000
238025,jpeg-4x,320.000000,480.000000,24.457897,24.672446,0.214549,0.543709,0.550752,0.007043,31.000000,49.000000,232520.000000
238025,noise-4x,320.000000,480.000000,24.686181,24.954177,0.267996,0.552760,0.566075,0.013315,30.000000,52.000000,381007.000000
247012,clean-2x,480.000000,320.000000,26.406276,27.822857,1.416582,0.809161,0.835352,0.026191,37.000000,75.000000,390481.000000
247012,clean-4x,480.000000,320.000000,24.475124,24.775941,0.300817,0.646527,0.654333,0.007805,37.000000,58.000000,354576.000000
247012,clean-8x,480.000000,320.000000,22.163519,22.252095,0.088576,0.510455,0.516076,0.005621,43.000000,59.000000,293881.000000
247012,jpeg-4x,480.000000,320.000000,23.726111,24.000999,0.274888,0.573043,0.583398,0.010355,38.000000,54.000000,348799.000000
247012,noise-4x,480.000000,320.000000,24.075382,24.400136,0.324754,0.602399,0.617242,0.014843,38.000000,69.000000,420519.000000
253016,clean-2x,480.000000,320.000000,25.550649,27.623026,2.072377,0.806902,0.845760,0.038859,37.000000,68.000000,393900.000000
253016,clean-4x,480.000000,320.000000,23.406081,23.772225,0.366145,0.623783,0.632629,0.008846,36.000000,55.000000,371090.000000
253016,clean-8x,480.000000,320.000000,20.663096,20.786164,0.123069,0.434535,0.439843,0.005308,28.000000,37.000000,330556.000000
253016,jpeg-4x,480.000000,320.000000,22.613131,22.917979,0.304848,0.548359,0.559103,0.010743,32.000000,47.000000,376066.000000
253016,noise-4x,480.000000,320.000000,23.105204,23.453398,0.348193,0.595050,0.606504,0.011454,32.000000,50.000000,415408.000000
259060,clean-2x,320.000000,480.000000,23.501059,25.071986,1.570926,0.734072,0.764432,0.030360,35.000000,71.000000,391772.000000
259060,clean-4x,320.000000,480.000000,21.431456,21.666099,0.234643,0.515545,0.521348,0.005803,29.000000,45.000000,353086.000000
259060,clean-8x,320.000000,480.000000,19.431646,19.525958,0.094311,0.371370,0.377457,0.006087,28.000000,37.000000,300210.000000
259060,jpeg-4x,320.000000,480.000000,20.894543,21.119262,0.224718,0.457598,0.466349,0.008751,32.000000,44.000000,359038.000000
259060,noise-4x,320.000000,480.000000,21.233407,21.472098,0.238691,0.486158,0.495996,0.009838,33.000000,48.000000,420172.000000
277053,clean-2x,480.000000,320.000000,23.920396,25.655911,1.735515,0.752448,0.792114,0.039666,33.000000,62.000000,407570.000000
277053,clean-4x,480.000000,320.000000,21.517905,21.719956,0.202052,0.498318,0.503347,0.005029,33.000000,46.000000,372728.000000
277053,clean-8x,480.000000,320.000000,19.452401,19.516931,0.064529,0.321261,0.325092,0.003831,34.000000,50.000000,303402.000000
277053,jpeg-4x,480.000000,320.000000,20.950862,21.159999,0.209136,0.430119,0.438554,0.008434,33.000000,46.000000,356101.000000
277053,noise-4x,480.000000,320.000000,21.308929,21.528685,0.219756,0.476198,0.483651,0.007453,37.000000,61.000000,418863.000000
285022,clean-2x,480.000000,320.000000,30.767149,32.451417,1.684268,0.903929,0.921000,0.017071,34.000000,50.000000,209078.000000
285022,clean-4x,480.000000,320.000000,28.546159,28.813746,0.267587,0.821586,0.825630,0.004044,30.000000,43.000000,177674.000000
285022,clean-8x,480.000000,320.000000,26.167336,26.235532,0.068197,0.746377,0.749704,0.003327,32.000000,57.000000,143322.000000
285022,jpeg-4x,480.000000,320.000000,27.574073,27.789820,0.215747,0.778191,0.784208,0.006017,29.000000,44.000000,201163.000000
285022,noise-4x,480.000000,320.000000,27.588186,27.990688,0.402502,0.720470,0.748311,0.027841,30.000000,79.000000,351384.000000
29030,clean-2x,480.000000,320.000000,27.669302,29.025623,1.356321,0.779441,0.801006,0.021564,38.000000,65.000000,304086.000000
29030,clean-4x,480.000000,320.000000,25.622672,25.919778,0.297107,0.657726,0.666254,0.008528,30.000000,44.000000,251347.000000
29030,clean-8x,480.000000,320.000000,23.415959,23.505117,0.089159,0.564663,0.570989,0.006327,29.000000,37.000000,210307.000000
29030,jpeg-4x,480.000000,320.000000,24.928684,25.198593,0.269909,0.602927,0.613031,0.010104,27.000000,43.000000,264393.000000
29030,noise-4x,480.000000,320.000000,25.127685,25.448531,0.320846,0.600618,0.618778,0.018160,29.000000,47.000000,395757.000000
306051,clean-2x,320.000000,480.000000,27.262993,29.511969,2.248976,0.849818,0.885316,0.035499,30.000000,64.000000,372950.000000
306051,clean-4x,320.000000,480.000000,24.574346,24.866762,0.292415,0.672300,0.678114,0.005814,27.000000,44.000000,340627.000000
306051,clean-8x,320.000000,480.000000,22.145982,22.208049,0.062067,0.534809,0.536372,0.001563,29.000000,41.000000,292001.000000
306051,jpeg-4x,320.000000,480.000000,23.664199,23.905559,0.241360,0.594503,0.602193,0.007690,37.000000,57.000000,332981.000000
306051,noise-4x,320.000000,480.000000,24.157403,24.488251,0.330848,0.620456,0.636035,0.015579,30.000000,48.000000,407121.000000
317043,clean-2x,480.000000,320.000000,26.255612,27.775339,1.519728,0.776888,0.809518,0.032630,35.000000,65.000000,399826.000000
317043,clean-4x,480.000000,320.000000,23.923541,24.028001,0.104460,0.540724,0.538311,-0.002413,37.000000,55.000000,370370.000000
317043,clean-8x,480.000000,320.000000,21.918163,21.922221,0.004058,0.368357,0.367285,-0.001072,39.000000,43.000000,299759.000000
317043,jpeg-4x,480.000000,320.000000,23.082565,23.207051,0.124486,0.451609,0.453918,0.002308,30.000000,56.000000,334941.000000
317043,noise-4x,480.000000,320.000000,23.572535,23.717673,0.145138,0.510860,0.513490,0.002631,37.000000,50.000000,400504.000000
334025,clean-2x,320.000000,480.000000,28.052106,29.969619,1.917513,0.840983,0.860494,0.019512,30.000000,52.000000,254127.000000
334025,clean-4x,320.000000,480.000000,26.207407,26.699138,0.491731,0.729091,0.737067,0.007976,36.000000,67.000000,216788.000000
334025,clean-8x,320.000000,480.000000,24.105390,24.310197,0.204807,0.644831,0.652765,0.007934,30.000000,37.000000,177780.000000
334025,jpeg-4x,320.000000,480.000000,25.613766,26.019080,0.405314,0.680747,0.690910,0.010163,35.000000,44.000000,203178.000000
334025,noise-4x,320.000000,480.000000,25.630850,26.133618,0.502768,0.651978,0.676212,0.024234,37.000000,53.000000,384517.000000
346016,clean-2x,480.000000,320.000000,22.341795,23.091232,0.749437,0.567790,0.577675,0.009885,36.000000,60.000000,383977.000000
346016,clean-4x,480.000000,320.000000,20.849118,20.909928,0.060810,0.287793,0.284358,-0.003435,35.000000,71.000000,335090.000000
346016,clean-8x,480.000000,320.000000,19.942437,19.979955,0.037519,0.180922,0.181169,0.000247,36.000000,64.000000,238748.000000
346016,jpeg-4x,480.000000,320.000000,20.425215,20.500528,0.075313,0.234128,0.234979,0.000851,29.000000,40.000000,289569.000000
346016,noise-4x,480.000000,320.000000,20.678555,20.767510,0.088956,0.280489,0.277658,-0.002830,38.000000,61.000000,387421.000000
36046,clean-2x,480.000000,320.000000,28.849436,30.103528,1.254093,0.774038,0.794271,0.020232,35.000000,73.000000,324747.000000
36046,clean-4x,480.000000,320.000000,26.878135,27.097470,0.219335,0.614948,0.618797,0.003849,37.000000,56.000000,262534.000000
36046,clean-8x,480.000000,320.000000,25.273611,25.396950,0.123339,0.525533,0.528507,0.002974,43.000000,49.000000,184798.000000
36046,jpeg-4x,480.000000,320.000000,26.112472,26.299278,0.186806,0.559986,0.565535,0.005549,42.000000,59.000000,245881.000000
36046,noise-4x,480.000000,320.000000,26.204070,26.503537,0.299467,0.560152,0.575020,0.014868,38.000000,66.000000,383455.000000
376086,clean-2x,480.000000,320.000000,25.839694,28.391851,2.552157,0.849256,0.892940,0.043684,40.000000,83.000000,358335.000000
376086,clean-4x,480.000000,320.000000,23.573957,24.115585,0.541628,0.710359,0.724773,0.014414,30.000000,47.000000,329547.000000
376086,clean-8x,480.000000,320.000000,20.867757,21.128115,0.260358,0.552246,0.562484,0.010239,30.000000,40.000000,295956.000000
376086,jpeg-4x,480.000000,320.000000,22.921846,23.388428,0.466582,0.636127,0.650015,0.013888,32.000000,49.000000,372386.000000
376086,noise-4x,480.000000,320.000000,23.254008,23.791539,0.537530,0.655431,0.678719,0.023288,38.000000,61.000000,408460.000000
388006,clean-2x,320.000000,480.000000,28.273487,31.914063,3.640576,0.871814,0.916838,0.045024,30.000000,61.000000,399018.000000
388006,clean-4x,320.000000,480.000000,25.331132,25.617216,0.286083,0.737224,0.748584,0.011361,42.000000,70.000000,371163.000000
388006,clean-8x,320.000000,480.000000,22.144969,22.181897,0.036928,0.576990,0.580438,0.003448,29.000000,37.000000,318233.000000
388006,jpeg-4x,320.000000,480.000000,24.263984,24.526569,0.262584,0.653469,0.666321,0.012852,38.000000,70.000000,380339.000000
388006,noise-4x,320.000000,480.000000,24.848187,25.177470,0.329283,0.679240,0.699613,0.020373,41.000000,60.000000,444760.000000
41006,clean-2x,480.000000,320.000000,31.027133,32.890811,1.863678,0.879102,0.899257,0.020155,36.000000,74.000000,368950.000000
41006,clean-4x,480.000000,320.000000,28.844883,29.215022,0.370138,0.772453,0.777979,0.005526,28.000000,47.000000,324108.000000
41006,clean-8x,480.000000,320.000000,26.421799,26.584620,0.162821,0.663757,0.667441,0.003684,37.000000,43.000000,253813.000000
41006,jpeg-4x,480.000000,320.000000,27.723625,28.023365,0.299740,0.703412,0.710641,0.007229,47.000000,73.000000,319443.000000
41006,noise-4x,480.000000,320.000000,27.819354,28.287213,0.467859,0.706046,0.724231,0.018184,31.000000,46.000000,418885.000000
43033,clean-2x,480.000000,320.000000,28.964324,31.237665,2.273341,0.844832,0.888979,0.044147,40.000000,85.000000,372898.000000
43033,clean-4x,480.000000,320.000000,26.817902,26.960570,0.142668,0.666579,0.668794,0.002215,45.000000,70.000000,328746.000000
43033,clean-8x,480.000000,320.000000,24.789319,24.809331,0.020012,0.513828,0.514055,0.000228,35.000000,38.000000,222191.000000
43033,jpeg-4x,480.000000,320.000000,25.933151,26.035698,0.102547,0.576708,0.580697,0.003989,41.000000,47.000000,248649.000000
43033,noise-4x,480.000000,320.000000,26.166543,26.393635,0.227092,0.610904,0.622931,0.012027,48.000000,71.000000,385265.000000
48025,clean-2x,480.000000,320.000000,26.271896,27.868991,1.597094,0.749213,0.781451,0.032238,39.000000,69.000000,304707.000000
48025,clean-4x,480.000000,320.000000,24.682603,24.862541,0.179938,0.583988,0.588253,0.004265,38.000000,57.000000,240254.000000
48025,clean-8x,480.000000,320.000000,23.139867,23.203068,0.063202,0.484982,0.487756,0.002774,36.000000,48.000000,171350.000000
48025,jpeg-4x,480.000000,320.000000,24.173086,24.347998,0.174912,0.531861,0.539175,0.007314,31.000000,45.000000,223296.000000
48025,noise-4x,480.000000,320.000000,24.265118,24.496667,0.231549,0.534326,0.548023,0.013697,32.000000,46.000000,384073.000000
6046,clean-2x,320.000000,480.000000,25.302322,26.576070,1.273748,0.761139,0.780969,0.019831,31.000000,56.000000,354080.000000
6046,clean-4x,320.000000,480.000000,23.141551,23.332826,0.191275,0.540463,0.542068,0.001605,32.000000,43.000000,320391.000000
6046,clean-8x,320.000000,480.000000,21.279083,21.352442,0.073359,0.396897,0.401115,0.004218,30.000000,41.000000,258961.000000
6046,jpeg-4x,320.000000,480.000000,22.478172,22.666379,0.188207,0.478580,0.484403,0.005823,34.000000,62.000000,293467.000000
6046,noise-4x,320.000000,480.000000,22.844561,23.062452,0.217891,0.513106,0.519661,0.006555,42.000000,73.000000,396223.000000
69000,clean-2x,480.000000,320.000000,24.962573,26.390504,1.427930,0.786582,0.809819,0.023237,37.000000,76.000000,300163.000000
69000,clean-4x,480.000000,320.000000,22.730557,22.965899,0.235342,0.637088,0.644885,0.007797,32.000000,48.000000,259603.000000
69000,clean-8x,480.000000,320.000000,20.303373,20.446994,0.143622,0.514626,0.524279,0.009653,35.000000,51.000000,216050.000000
69000,jpeg-4x,480.000000,320.000000,22.197788,22.424574,0.226785,0.582582,0.593193,0.010610,28.000000,40.000000,262879.000000
69000,noise-4x,480.000000,320.000000,22.461934,22.719456,0.257521,0.581960,0.600479,0.018519,45.000000,66.000000,386479.000000
70090,clean-2x,320.000000,480.000000,28.505693,30.367280,1.861587,0.877868,0.900811,0.022943,38.000000,69.000000,374367.000000
70090,clean-4x,320.000000,480.000000,26.031501,26.212951,0.181450,0.742971,0.747275,0.004304,29.000000,46.000000,344058.000000
70090,clean-8x,320.000000,480.000000,23.597028,23.648878,0.051850,0.595045,0.598122,0.003078,40.000000,47.000000,289769.000000
70090,jpeg-4x,320.000000,480.000000,25.135848,25.323552,0.187703,0.679655,0.686103,0.006448,35.000000,50.000000,349661.000000
70090,noise-4x,320.000000,480.000000,25.478668,25.718747,0.240079,0.680260,0.696589,0.016328,30.000000,52.000000,409149.000000
78098,clean-2x,480.000000,320.000000,21.104265,22.509365,1.405100,0.694713,0.726660,0.031947,35.000000,72.000000,408579.000000
78098,clean-4x,480.000000,320.000000,19.250854,19.417849,0.166995,0.472672,0.476386,0.003715,38.000000,58.000000,380827.000000
78098,clean-8x,480.000000,320.000000,17.278126,17.298601,0.020474,0.301696,0.304591,0.002895,36.000000,49.000000,325720.000000
78098,jpeg-4x,480.000000,320.000000,18.896042,19.059349,0.163307,0.423786,0.429698,0.005912,28.000000,43.000000,397399.000000
78098,noise-4x,480.000000,320.000000,19.125601,19.300839,0.175238,0.449723,0.456839,0.007116,30.000000,47.000000,436343.000000
8068,clean-2x,480.000000,320.000000,27.998363,31.099890,3.101527,0.868396,0.900468,0.032072,30.000000,52.000000,292294.000000
8068,clean-4x,480.000000,320.000000,25.911459,26.661216,0.749757,0.748385,0.758582,0.010197,30.000000,46.000000,243643.000000
8068,clean-8x,480.000000,320.000000,23.316780,23.720720,0.403940,0.656185,0.666534,0.010349,34.000000,46.000000,187381.000000
8068,jpeg-4x,480.000000,320.000000,25.233184,25.902944,0.669760,0.691473,0.705644,0.014171,39.000000,48.000000,198975.000000
8068,noise-4x,480.000000,320.000000,25.345010,26.104706,0.759697,0.679609,0.704544,0.024935,35.000000,60.000000,375814.000000
87015,clean-2x,480.000000,320.000000,24.953436,26.253930,1.300494,0.676750,0.706743,0.029993,36.000000,80.000000,403771.000000
87015,clean-4x,480.000000,320.000000,23.270559,23.399869,0.129309,0.433406,0.433905,0.000499,37.000000,58.000000,364699.000000
87015,clean-8x,480.000000,320.000000,21.758491,21.792861,0.034370,0.290452,0.291394,0.000942,29.000000,38.000000,283895.000000
87015,jpeg-4x,480.000000,320.000000,22.556126,22.698793,0.142667,0.362010,0.365955,0.003945,32.000000,42.000000,326657.000000
87015,noise-4x,480.000000,320.000000,22.965998,23.127499,0.161501,0.414479,0.416791,0.002312,42.000000,61.000000,409285.000000
